id,depotId,cert_stock,cert_signal,cert_telecom,jobCards_count,jobCards_list,odometer,lastService,branding_status,branding_hoursRemaining,branding_totalHours,branding_endDate,cleaningSlot,crew_assigned,crew_driverId,crew_validUntil,override_flag,override_category,override_reason,override_by,serviceStatus,arrivalTime
KM001,Muttom,2025-12-23,2026-06-18,2026-08-19,1,[],152133,2023-08-02,False,11,0,None,True,True,CR006,28/06/26 0000,True,Safety,Emergency Recall,Workshop Staff,inService,11:24 PM
KM002,Muttom,2026-02-17,2026-09-03,2026-06-02,2,[],145661,2024-12-11,False,14,0,None,True,True,CR007,13/02/26 0000,False,None,None,None,standby,None
KM003,Muttom,2026-09-25,2026-06-28,2026-01-30,2,[],152065,2023-10-29,True,42,192,2025-11-13,True,True,CR021,07/06/26 0000,True,Safety,Emergency Recall,Workshop Staff,maintenance,None
KM004,Muttom,2026-03-05,2026-08-12,2026-05-09,1,[],127318,2024-09-08,True,26,212,2025-11-23,True,True,CR014,06/05/26 0000,False,None,None,None,outOfService,None
KM005,Muttom,2026-06-18,2026-05-10,2026-08-27,2,[],131898,2023-11-20,True,37,102,2026-07-07,True,True,CR011,04/02/26 0000,True,Safety,Emergency Recall,Workshop Staff,inService,11:50 PM
KM006,Muttom,2026-09-19,2025-11-04,2025-11-26,2,[],123161,2024-01-19,False,20,0,None,True,True,CR006,30/01/26 0000,False,None,None,None,outOfService,None
KM007,Muttom,2027-09-17,2024-11-22,2025-12-23,0,[],136626,2024-08-14,False,7,0,None,False,True,CR006,08/09/26 0000,True,Safety,Emergency Recall,Workshop Staff,inService,10:40 PM
KM008,Muttom,2026-08-28,2027-10-31,2025-05-27,2,"[{'title': 'Passenger display malfunction', 'priority': 'Medium'}, {'title': 'Emergency braking system fault', 'priority': 'Critical'}]",136795,2023-09-01,True,5,198,2026-06-25,True,False,,,False,None,None,None,inService,10:57 PM
KM009,Muttom,2026-04-22,2026-07-30,2026-05-04,3,"[{'title': 'Door sensor fault', 'priority': 'Critical'}, {'title': 'Battery replacement', 'priority': 'High'}, {'title': 'CCTV fault', 'priority': 'High'}]",124290,2023-11-01,False,20,0,None,False,False,,,False,None,None,None,outOfService,None
KM010,Muttom,2024-12-13,2027-03-18,2026-08-24,0,[],145511,2023-11-12,True,19,155,2026-07-11,True,False,,,False,None,None,None,maintenance,None
KM011,Muttom,2026-11-11,2025-06-16,2027-02-22,1,"[{'title': 'Seat repairs', 'priority': 'High'}]",153941,2024-05-10,False,19,0,None,True,False,,,True,Operational,Special Event Demand,Operations Manager,maintenance,None
KM012,Muttom,2027-05-13,2026-01-03,2024-06-29,4,"[{'title': 'Brake pad inspection', 'priority': 'Critical'}, {'title': 'Pantograph wear', 'priority': 'High'}, {'title': 'Seat repairs', 'priority': 'Critical'}, {'title': 'CCTV fault', 'priority': 'Critical'}]",129327,2024-03-24,False,16,0,None,True,True,CR007,04/06/26 0000,False,None,None,None,outOfService,None
KM013,Muttom,2025-05-25,2027-04-28,2025-12-24,1,"[{'title': 'Battery replacement', 'priority': 'Medium'}]",131537,2025-01-05,False,7,0,None,False,False,,,False,None,None,None,outOfService,None
KM014,Muttom,2026-04-08,2026-06-11,2027-07-30,5,"[{'title': 'Battery replacement', 'priority': 'Medium'}, {'title': 'Pantograph wear', 'priority': 'Critical'}, {'title': 'Door sensor fault', 'priority': 'Critical'}, {'title': 'Battery replacement', 'priority': 'Low'}, {'title': 'Traction motor failure', 'priority': 'Critical'}]",152436,2024-06-15,False,17,0,None,False,False,,,True,Safety,Emergency Recall,Control Room,inService,10:56 PM
KM015,Muttom,2027-09-24,2027-02-05,2026-07-17,3,"[{'title': 'Traction motor failure', 'priority': 'Medium'}, {'title': 'Passenger display malfunction', 'priority': 'Critical'}, {'title': 'Seat repairs', 'priority': 'Critical'}]",139379,2024-05-14,False,3,0,None,False,False,,,False,None,None,None,outOfService,None
KM016,Muttom,2026-05-24,2027-03-18,2024-12-01,4,"[{'title': 'Traction motor failure', 'priority': 'High'}, {'title': 'Door sensor fault', 'priority': 'Low'}, {'title': 'Seat repairs', 'priority': 'Low'}, {'title': 'Brake pad inspection', 'priority': 'Medium'}]",140449,2025-01-12,True,18,123,2026-08-14,True,False,,,True,Safety,Emergency Recall,Control Room,inService,11:23 PM
KM017,Muttom,2024-05-22,2027-12-07,2025-03-16,0,[],140301,2023-11-22,True,0,116,2025-12-21,True,False,,,False,None,None,None,maintenance,None
KM018,Muttom,2025-11-20,2025-12-19,2024-12-12,6,"[{'title': 'Seat repairs', 'priority': 'High'}, {'title': 'Door sensor fault', 'priority': 'High'}, {'title': 'Seat repairs', 'priority': 'Critical'}, {'title': 'HVAC failure', 'priority': 'Medium'}, {'title': 'Emergency braking system fault', 'priority': 'Low'}, {'title': 'Passenger display malfunction', 'priority': 'Medium'}]",148053,2024-11-23,False,15,0,None,False,False,,,True,Maintenance,Pre-Emptive Maintenance,Workshop Staff,standby,None
KM019,Muttom,2025-12-09,2026-10-22,2024-05-23,0,[],138294,2024-10-27,True,4,179,2026-03-21,True,True,CR002,22/09/26 0000,False,None,None,None,outOfService,None
KM020,Muttom,2027-01-01,2024-07-02,2026-03-08,0,[],135915,2023-10-31,True,13,58,2025-12-27,False,False,,,True,Operational,Special Event Demand,Workshop Staff,standby,None
KM021,Muttom,2026-06-01,2026-12-18,2025-05-02,4,"[{'title': 'Door sensor fault', 'priority': 'High'}, {'title': 'Brake pad inspection', 'priority': 'High'}, {'title': 'CCTV fault', 'priority': 'Critical'}, {'title': 'Battery replacement', 'priority': 'Critical'}]",131159,2024-10-07,True,2,173,2026-04-10,False,False,,,False,None,None,None,maintenance,None
KM022,Muttom,2024-11-08,2024-09-23,2024-06-04,2,"[{'title': 'HVAC failure', 'priority': 'Critical'}, {'title': 'Battery replacement', 'priority': 'High'}]",146784,2024-06-18,False,11,0,None,True,False,,,False,None,None,None,inService,11:10 PM
KM023,Muttom,2024-06-17,2025-09-13,2024-09-26,5,"[{'title': 'Brake pad inspection', 'priority': 'Critical'}, {'title': 'Traction motor failure', 'priority': 'Critical'}, {'title': 'CCTV fault', 'priority': 'Critical'}, {'title': 'Brake pad inspection', 'priority': 'Low'}, {'title': 'CCTV fault', 'priority': 'Critical'}]",122699,2024-08-08,False,10,0,None,True,False,,,True,Safety,Emergency Recall,Operations Manager,standby,None
KM024,Muttom,2024-10-04,2025-03-12,2026-02-20,5,"[{'title': 'Lighting faults', 'priority': 'Medium'}, {'title': 'Seat repairs', 'priority': 'Medium'}, {'title': 'Seat repairs', 'priority': 'High'}, {'title': 'Seat repairs', 'priority': 'Medium'}, {'title': 'Passenger display malfunction', 'priority': 'Low'}]",124700,2024-01-14,False,0,0,None,False,True,CR008,29/04/26 0000,False,None,None,None,standby,None
KM025,Muttom,2025-09-11,2027-08-03,2027-01-03,0,[],128742,2024-08-23,True,7,88,2026-08-14,False,False,,,False,None,None,None,maintenance,None
